review_text,rating,date,product,source
"The latest software update causes crashes and random restarts. I bought it for university classes. After 15 days of use, this is my experience.",1,2026-01-19,Aster Slate 10 (SYNTHETIC),Synthetic Forum
"Battery drains overnight even when the tablet is idle. I take it on the train. After 85 days of use, this is my experience.",2,2026-01-08,Aster Slate 10 (SYNTHETIC),Synthetic Forum
"My experience with build quality is mixed. It meets some expectations but could improve. I have owned it for a month. After 45 days of use, this is my experience.",3,2026-01-09,Aster Slate 10 (SYNTHETIC),Synthetic Store
"My experience with price / value is mixed. It meets some expectations but could improve. My main use is streaming at home. After 47 days of use, this is my experience.",3,2026-01-28,Aster Slate 10 (SYNTHETIC),Synthetic Forum
"The metal body feels sturdy and well assembled. I have owned it for a month. After 12 days of use, this is my experience.",5,2026-01-27,Aster Slate 10 (SYNTHETIC),Synthetic Survey
"The metal body feels sturdy and well assembled. I use it for work notes. After 86 days of use, this is my experience.",4,2026-01-25,Aster Slate 10 (SYNTHETIC),Synthetic Forum
"The included stylus is accurate and the case fits perfectly. This was a gift for my family. After 60 days of use, this is my experience.",5,2026-01-06,Aster Slate 10 (SYNTHETIC),Synthetic Forum
"The screen is crisp and colors look natural. I bought it for university classes. After 70 days of use, this is my experience.",4,2026-01-06,Aster Slate 10 (SYNTHETIC),Synthetic Forum
"Apps open quickly and multitasking feels smooth. I use it for sketching. After 9 days of use, this is my experience.",4,2026-01-27,Aster Slate 10 (SYNTHETIC),Synthetic Store
"My experience with customer support is mixed. It meets some expectations but could improve. I take it on the train. After 85 days of use, this is my experience.",3,2026-01-16,Aster Slate 10 (SYNTHETIC),Synthetic Forum
"The keyboard accessory pairs easily and feels comfortable. I take it on the train. After 73 days of use, this is my experience.",5,2026-01-24,Aster Slate 10 (SYNTHETIC),Synthetic Survey
"Apps open quickly and multitasking feels smooth. I compared it with my previous tablet. After 13 days of use, this is my experience.",4,2026-01-28,Aster Slate 10 (SYNTHETIC),Synthetic Store
"The price feels expensive for what you get. I have owned it for a month. After 50 days of use, this is my experience.",2,2026-01-17,Aster Slate 10 (SYNTHETIC),Synthetic Forum
"My experience with accessories is mixed. It meets some expectations but could improve. This was a gift for my family. After 84 days of use, this is my experience.",3,2026-01-11,Aster Slate 10 (SYNTHETIC),Synthetic Store
"My experience with display is mixed. It meets some expectations but could improve. I bought it for university classes. After 66 days of use, this is my experience.",3,2026-01-04,Aster Slate 10 (SYNTHETIC),Synthetic Survey
"The screen is crisp and colors look natural. I use it for sketching. After 22 days of use, this is my experience.",4,2026-01-20,Aster Slate 10 (SYNTHETIC),Synthetic Forum
"Games stutter and the tablet overheats after a short session. I take it on the train. After 9 days of use, this is my experience.",1,2026-01-19,Aster Slate 10 (SYNTHETIC),Synthetic Store
"My experience with battery life is mixed. It meets some expectations but could improve. I bought it for university classes. After 86 days of use, this is my experience.",3,2026-01-16,Aster Slate 10 (SYNTHETIC),Synthetic Survey
"For the price this tablet is excellent value. I take it on the train. After 41 days of use, this is my experience.",5,2026-01-22,Aster Slate 10 (SYNTHETIC),Synthetic Survey
"The screen is crisp and colors look natural. I take it on the train. After 10 days of use, this is my experience.",5,2026-01-01,Aster Slate 10 (SYNTHETIC),Synthetic Survey
"My experience with build quality is mixed. It meets some expectations but could improve. I take it on the train. After 10 days of use, this is my experience.",3,2026-01-02,Aster Slate 10 (SYNTHETIC),Synthetic Forum
"Battery drains overnight even when the tablet is idle. I bought it for university classes. After 75 days of use, this is my experience.",2,2026-01-08,Aster Slate 10 (SYNTHETIC),Synthetic Forum
"My experience with customer support is mixed. It meets some expectations but could improve. I use it for sketching. After 56 days of use, this is my experience.",3,2026-01-14,Aster Slate 10 (SYNTHETIC),Synthetic Forum
"Customer support has ignored my warranty request for days. I use it for work notes. After 53 days of use, this is my experience.",2,2026-01-26,Aster Slate 10 (SYNTHETIC),Synthetic Store
"Poor value compared with my older device; I requested a refund. I bought it for university classes. After 37 days of use, this is my experience.",2,2026-01-08,Aster Slate 10 (SYNTHETIC),Synthetic Store
"Apps open quickly and multitasking feels smooth. I use it for work notes. After 13 days of use, this is my experience.",4,2026-01-06,Aster Slate 10 (SYNTHETIC),Synthetic Forum
"Performance slows down with a few apps open. I bought it for university classes. After 50 days of use, this is my experience.",1,2026-01-13,Aster Slate 10 (SYNTHETIC),Synthetic Forum
"The included stylus is accurate and the case fits perfectly. I bought it for university classes. After 26 days of use, this is my experience.",5,2026-01-07,Aster Slate 10 (SYNTHETIC),Synthetic Store
"The metal body feels sturdy and well assembled. I use it for work notes. After 76 days of use, this is my experience.",5,2026-01-17,Aster Slate 10 (SYNTHETIC),Synthetic Survey
"My experience with price / value is mixed. It meets some expectations but could improve. My main use is streaming at home. After 78 days of use, this is my experience.",3,2026-01-03,Aster Slate 10 (SYNTHETIC),Synthetic Survey
"Support replied promptly and resolved my warranty question. I use it for work notes. After 81 days of use, this is my experience.",4,2026-01-14,Aster Slate 10 (SYNTHETIC),Synthetic Survey
"The metal body feels sturdy and well assembled. I use it for sketching. After 32 days of use, this is my experience.",5,2026-01-13,Aster Slate 10 (SYNTHETIC),Synthetic Store
"The software is intuitive and updates install smoothly. I use it for work notes. After 60 days of use, this is my experience.",4,2026-01-03,Aster Slate 10 (SYNTHETIC),Synthetic Survey
"For the price this tablet is excellent value. I take it on the train. After 49 days of use, this is my experience.",5,2026-01-06,Aster Slate 10 (SYNTHETIC),Synthetic Forum
"Support replied promptly and resolved my warranty question. This was a gift for my family. After 86 days of use, this is my experience.",4,2026-01-05,Aster Slate 10 (SYNTHETIC),Synthetic Forum
"The battery dies before lunch and I want a replacement. This was a gift for my family. After 79 days of use, this is my experience.",1,2026-01-23,Aster Slate 10 (SYNTHETIC),Synthetic Forum
"I would buy it again because the features justify the cost. This was a gift for my family. After 8 days of use, this is my experience.",4,2026-01-21,Aster Slate 10 (SYNTHETIC),Synthetic Forum
"Customer support has ignored my warranty request for days. This was a gift for my family. After 22 days of use, this is my experience.",2,2026-01-18,Aster Slate 10 (SYNTHETIC),Synthetic Survey
"My experience with performance is mixed. It meets some expectations but could improve. I use it for work notes. After 49 days of use, this is my experience.",3,2026-01-19,Aster Slate 10 (SYNTHETIC),Synthetic Survey
"The price feels expensive for what you get. I use it for sketching. After 28 days of use, this is my experience.",1,2026-01-22,Aster Slate 10 (SYNTHETIC),Synthetic Store
"The screen is crisp and colors look natural. I take it on the train. After 22 days of use, this is my experience.",4,2026-01-14,Aster Slate 10 (SYNTHETIC),Synthetic Store
"I would buy it again because the features justify the cost. I take it on the train. After 36 days of use, this is my experience.",4,2026-01-26,Aster Slate 10 (SYNTHETIC),Synthetic Survey
"The battery lasts through my commute and evening reading. I take it on the train. After 60 days of use, this is my experience.",5,2026-01-10,Aster Slate 10 (SYNTHETIC),Synthetic Store
"I would buy it again because the features justify the cost. My main use is streaming at home. After 37 days of use, this is my experience.",5,2026-01-21,Aster Slate 10 (SYNTHETIC),Synthetic Survey
"Apps open quickly and multitasking feels smooth. My main use is streaming at home. After 35 days of use, this is my experience.",4,2026-01-19,Aster Slate 10 (SYNTHETIC),Synthetic Forum
"Charging is quick and the battery holds up all day. I have owned it for a month. After 79 days of use, this is my experience.",4,2026-01-13,Aster Slate 10 (SYNTHETIC),Synthetic Survey
"The price feels expensive for what you get. I use it for sketching. After 57 days of use, this is my experience.",1,2026-01-22,Aster Slate 10 (SYNTHETIC),Synthetic Forum
"Build quality is solid and the buttons feel precise. This was a gift for my family. After 87 days of use, this is my experience.",5,2026-01-11,Aster Slate 10 (SYNTHETIC),Synthetic Forum
"The interface is clean and the settings are easy to find. I bought it for university classes. After 80 days of use, this is my experience.",5,2026-01-13,Aster Slate 10 (SYNTHETIC),Synthetic Survey
"Customer service made the replacement process straightforward. I compared it with my previous tablet. After 58 days of use, this is my experience.",5,2026-01-22,Aster Slate 10 (SYNTHETIC),Synthetic Store
"The metal body feels sturdy and well assembled. My main use is streaming at home. After 38 days of use, this is my experience.",5,2026-02-03,Aster Slate 10 (SYNTHETIC),Synthetic Store
"The latest software update causes crashes and random restarts. I use it for work notes. After 33 days of use, this is my experience.",2,2026-02-20,Aster Slate 10 (SYNTHETIC),Synthetic Store
"The processor handles games without any stutter. I compared it with my previous tablet. After 53 days of use, this is my experience.",4,2026-02-05,Aster Slate 10 (SYNTHETIC),Synthetic Survey
"The software is intuitive and updates install smoothly. I have owned it for a month. After 30 days of use, this is my experience.",4,2026-02-26,Aster Slate 10 (SYNTHETIC),Synthetic Survey
"The casing creaks and the charging port feels loose. I compared it with my previous tablet. After 19 days of use, this is my experience.",2,2026-02-22,Aster Slate 10 (SYNTHETIC),Synthetic Survey
"The included stylus is accurate and the case fits perfectly. I have owned it for a month. After 72 days of use, this is my experience.",5,2026-02-06,Aster Slate 10 (SYNTHETIC),Synthetic Survey
"Customer service made the replacement process straightforward. I compared it with my previous tablet. After 82 days of use, this is my experience.",4,2026-02-09,Aster Slate 10 (SYNTHETIC),Synthetic Forum
"Charging is quick and the battery holds up all day. My main use is streaming at home. After 19 days of use, this is my experience.",4,2026-02-08,Aster Slate 10 (SYNTHETIC),Synthetic Forum
"My experience with software is mixed. It meets some expectations but could improve. I use it for sketching. After 71 days of use, this is my experience.",3,2026-02-15,Aster Slate 10 (SYNTHETIC),Synthetic Forum
"The battery lasts through my commute and evening reading. I have owned it for a month. After 63 days of use, this is my experience.",4,2026-02-12,Aster Slate 10 (SYNTHETIC),Synthetic Forum
"The interface is clean and the settings are easy to find. I take it on the train. After 64 days of use, this is my experience.",4,2026-02-09,Aster Slate 10 (SYNTHETIC),Synthetic Forum
"Build quality is solid and the buttons feel precise. I bought it for university classes. After 61 days of use, this is my experience.",4,2026-02-20,Aster Slate 10 (SYNTHETIC),Synthetic Survey
"The battery lasts through my commute and evening reading. My main use is streaming at home. After 84 days of use, this is my experience.",5,2026-02-05,Aster Slate 10 (SYNTHETIC),Synthetic Forum
"I would buy it again because the features justify the cost. I use it for sketching. After 45 days of use, this is my experience.",5,2026-02-09,Aster Slate 10 (SYNTHETIC),Synthetic Forum
"My experience with display is mixed. It meets some expectations but could improve. I use it for sketching. After 30 days of use, this is my experience.",3,2026-02-21,Aster Slate 10 (SYNTHETIC),Synthetic Store
"Support replied promptly and resolved my warranty question. I take it on the train. After 4 days of use, this is my experience.",4,2026-02-08,Aster Slate 10 (SYNTHETIC),Synthetic Store
"Build quality disappointed me; the hinge cracked in normal use. This was a gift for my family. After 49 days of use, this is my experience.",1,2026-02-20,Aster Slate 10 (SYNTHETIC),Synthetic Survey
"The keyboard accessory pairs easily and feels comfortable. This was a gift for my family. After 15 days of use, this is my experience.",4,2026-02-10,Aster Slate 10 (SYNTHETIC),Synthetic Survey
"The software is intuitive and updates install smoothly. My main use is streaming at home. After 77 days of use, this is my experience.",4,2026-02-04,Aster Slate 10 (SYNTHETIC),Synthetic Survey
"Support replied promptly and resolved my warranty question. I use it for work notes. After 46 days of use, this is my experience.",5,2026-02-22,Aster Slate 10 (SYNTHETIC),Synthetic Forum
"My experience with battery life is mixed. It meets some expectations but could improve. I compared it with my previous tablet. After 15 days of use, this is my experience.",3,2026-02-14,Aster Slate 10 (SYNTHETIC),Synthetic Forum
"The interface is clean and the settings are easy to find. I bought it for university classes. After 68 days of use, this is my experience.",5,2026-02-20,Aster Slate 10 (SYNTHETIC),Synthetic Survey
"Customer service made the replacement process straightforward. I use it for sketching. After 33 days of use, this is my experience.",4,2026-02-09,Aster Slate 10 (SYNTHETIC),Synthetic Forum
"Display brightness makes reading outside comfortable. I use it for sketching. After 5 days of use, this is my experience.",5,2026-02-28,Aster Slate 10 (SYNTHETIC),Synthetic Forum
"Poor value compared with my older device; I requested a refund. This was a gift for my family. After 78 days of use, this is my experience.",2,2026-02-18,Aster Slate 10 (SYNTHETIC),Synthetic Store
"Build quality disappointed me; the hinge cracked in normal use. I compared it with my previous tablet. After 73 days of use, this is my experience.",1,2026-02-23,Aster Slate 10 (SYNTHETIC),Synthetic Forum
"The software is intuitive and updates install smoothly. This was a gift for my family. After 30 days of use, this is my experience.",5,2026-02-23,Aster Slate 10 (SYNTHETIC),Synthetic Store
"Display brightness makes reading outside comfortable. I have owned it for a month. After 72 days of use, this is my experience.",5,2026-02-12,Aster Slate 10 (SYNTHETIC),Synthetic Survey
"Apps open quickly and multitasking feels smooth. I use it for sketching. After 17 days of use, this is my experience.",4,2026-02-07,Aster Slate 10 (SYNTHETIC),Synthetic Store
"Software notifications freeze and the app keeps losing my settings. My main use is streaming at home. After 26 days of use, this is my experience.",2,2026-02-08,Aster Slate 10 (SYNTHETIC),Synthetic Forum
"Poor value compared with my older device; I requested a refund. I use it for work notes. After 8 days of use, this is my experience.",2,2026-02-23,Aster Slate 10 (SYNTHETIC),Synthetic Store
"My experience with software is mixed. It meets some expectations but could improve. This was a gift for my family. After 62 days of use, this is my experience.",3,2026-02-16,Aster Slate 10 (SYNTHETIC),Synthetic Forum
"Display brightness makes reading outside comfortable. My main use is streaming at home. After 10 days of use, this is my experience.",5,2026-02-16,Aster Slate 10 (SYNTHETIC),Synthetic Store
"Build quality is solid and the buttons feel precise. My main use is streaming at home. After 33 days of use, this is my experience.",4,2026-02-18,Aster Slate 10 (SYNTHETIC),Synthetic Forum
"The interface is clean and the settings are easy to find. I compared it with my previous tablet. After 58 days of use, this is my experience.",5,2026-02-28,Aster Slate 10 (SYNTHETIC),Synthetic Survey
"The keyboard accessory pairs easily and feels comfortable. I take it on the train. After 82 days of use, this is my experience.",4,2026-02-09,Aster Slate 10 (SYNTHETIC),Synthetic Survey
"Battery drains overnight even when the tablet is idle. I use it for work notes. After 54 days of use, this is my experience.",2,2026-02-23,Aster Slate 10 (SYNTHETIC),Synthetic Survey
"Games stutter and the tablet overheats after a short session. I compared it with my previous tablet. After 11 days of use, this is my experience.",1,2026-02-09,Aster Slate 10 (SYNTHETIC),Synthetic Survey
"The software is intuitive and updates install smoothly. I take it on the train. After 84 days of use, this is my experience.",4,2026-02-09,Aster Slate 10 (SYNTHETIC),Synthetic Store
"The battery dies before lunch and I want a replacement. I compared it with my previous tablet. After 17 days of use, this is my experience.",2,2026-02-23,Aster Slate 10 (SYNTHETIC),Synthetic Forum
"The interface is clean and the settings are easy to find. I compared it with my previous tablet. After 12 days of use, this is my experience.",4,2026-02-14,Aster Slate 10 (SYNTHETIC),Synthetic Survey
"My experience with display is mixed. It meets some expectations but could improve. This was a gift for my family. After 75 days of use, this is my experience.",3,2026-02-02,Aster Slate 10 (SYNTHETIC),Synthetic Store
"Apps open quickly and multitasking feels smooth. I have owned it for a month. After 83 days of use, this is my experience.",5,2026-02-03,Aster Slate 10 (SYNTHETIC),Synthetic Forum
"The screen is crisp and colors look natural. I use it for sketching. After 54 days of use, this is my experience.",5,2026-02-10,Aster Slate 10 (SYNTHETIC),Synthetic Survey
"The included stylus is accurate and the case fits perfectly. My main use is streaming at home. After 42 days of use, this is my experience.",5,2026-02-11,Aster Slate 10 (SYNTHETIC),Synthetic Store
"The keyboard accessory pairs easily and feels comfortable. I compared it with my previous tablet. After 54 days of use, this is my experience.",4,2026-02-07,Aster Slate 10 (SYNTHETIC),Synthetic Survey
"Apps open quickly and multitasking feels smooth. I take it on the train. After 36 days of use, this is my experience.",4,2026-02-10,Aster Slate 10 (SYNTHETIC),Synthetic Forum
"My experience with customer support is mixed. It meets some expectations but could improve. I bought it for university classes. After 41 days of use, this is my experience.",3,2026-02-18,Aster Slate 10 (SYNTHETIC),Synthetic Store
"The casing creaks and the charging port feels loose. I compared it with my previous tablet. After 17 days of use, this is my experience.",1,2026-02-16,Aster Slate 10 (SYNTHETIC),Synthetic Survey
"Display brightness makes reading outside comfortable. I compared it with my previous tablet. After 33 days of use, this is my experience.",5,2026-02-18,Aster Slate 10 (SYNTHETIC),Synthetic Store
"Apps open quickly and multitasking feels smooth. My main use is streaming at home. After 37 days of use, this is my experience.",5,2026-03-11,Aster Slate 10 (SYNTHETIC),Synthetic Survey
"Screen glare makes outdoor use frustrating. I bought it for university classes. After 59 days of use, this is my experience.",2,2026-03-12,Aster Slate 10 (SYNTHETIC),Synthetic Forum
"Build quality is solid and the buttons feel precise. I take it on the train. After 32 days of use, this is my experience.",5,2026-03-08,Aster Slate 10 (SYNTHETIC),Synthetic Forum
"Charging is quick and the battery holds up all day. I have owned it for a month. After 86 days of use, this is my experience.",4,2026-03-16,Aster Slate 10 (SYNTHETIC),Synthetic Store
"For the price this tablet is excellent value. I compared it with my previous tablet. After 14 days of use, this is my experience.",5,2026-03-01,Aster Slate 10 (SYNTHETIC),Synthetic Survey
"For the price this tablet is excellent value. I compared it with my previous tablet. After 35 days of use, this is my experience.",5,2026-03-20,Aster Slate 10 (SYNTHETIC),Synthetic Survey
"Games stutter and the tablet overheats after a short session. I use it for sketching. After 82 days of use, this is my experience.",2,2026-03-28,Aster Slate 10 (SYNTHETIC),Synthetic Survey
"The battery dies before lunch and I want a replacement. I take it on the train. After 13 days of use, this is my experience.",2,2026-03-04,Aster Slate 10 (SYNTHETIC),Synthetic Survey
"Software notifications freeze and the app keeps losing my settings. I use it for work notes. After 7 days of use, this is my experience.",2,2026-03-26,Aster Slate 10 (SYNTHETIC),Synthetic Store
"Display brightness makes reading outside comfortable. I bought it for university classes. After 23 days of use, this is my experience.",4,2026-03-03,Aster Slate 10 (SYNTHETIC),Synthetic Survey
"Support replied promptly and resolved my warranty question. I take it on the train. After 61 days of use, this is my experience.",5,2026-03-15,Aster Slate 10 (SYNTHETIC),Synthetic Forum
"The interface is clean and the settings are easy to find. I bought it for university classes. After 11 days of use, this is my experience.",5,2026-03-12,Aster Slate 10 (SYNTHETIC),Synthetic Survey
"Display brightness makes reading outside comfortable. This was a gift for my family. After 27 days of use, this is my experience.",5,2026-03-28,Aster Slate 10 (SYNTHETIC),Synthetic Forum
"Charging is quick and the battery holds up all day. This was a gift for my family. After 4 days of use, this is my experience.",5,2026-03-09,Aster Slate 10 (SYNTHETIC),Synthetic Store
"The software is intuitive and updates install smoothly. I compared it with my previous tablet. After 38 days of use, this is my experience.",4,2026-03-20,Aster Slate 10 (SYNTHETIC),Synthetic Forum
"The price feels expensive for what you get. My main use is streaming at home. After 82 days of use, this is my experience.",1,2026-03-10,Aster Slate 10 (SYNTHETIC),Synthetic Forum
"Charging is quick and the battery holds up all day. I use it for sketching. After 55 days of use, this is my experience.",4,2026-03-07,Aster Slate 10 (SYNTHETIC),Synthetic Store
"Customer service made the replacement process straightforward. I bought it for university classes. After 34 days of use, this is my experience.",5,2026-03-26,Aster Slate 10 (SYNTHETIC),Synthetic Forum
"My experience with software is mixed. It meets some expectations but could improve. I bought it for university classes. After 30 days of use, this is my experience.",3,2026-03-28,Aster Slate 10 (SYNTHETIC),Synthetic Survey
"The interface is clean and the settings are easy to find. My main use is streaming at home. After 52 days of use, this is my experience.",4,2026-03-09,Aster Slate 10 (SYNTHETIC),Synthetic Survey
"I would buy it again because the features justify the cost. I have owned it for a month. After 83 days of use, this is my experience.",5,2026-03-04,Aster Slate 10 (SYNTHETIC),Synthetic Survey
"Screen glare makes outdoor use frustrating. I take it on the train. After 84 days of use, this is my experience.",1,2026-03-21,Aster Slate 10 (SYNTHETIC),Synthetic Forum
"The keyboard accessory pairs easily and feels comfortable. I use it for work notes. After 6 days of use, this is my experience.",5,2026-03-16,Aster Slate 10 (SYNTHETIC),Synthetic Store
"Charging is quick and the battery holds up all day. I use it for sketching. After 87 days of use, this is my experience.",5,2026-03-19,Aster Slate 10 (SYNTHETIC),Synthetic Survey
"The interface is clean and the settings are easy to find. I have owned it for a month. After 37 days of use, this is my experience.",4,2026-03-23,Aster Slate 10 (SYNTHETIC),Synthetic Forum
"I would buy it again because the features justify the cost. My main use is streaming at home. After 89 days of use, this is my experience.",5,2026-03-18,Aster Slate 10 (SYNTHETIC),Synthetic Survey
"Apps open quickly and multitasking feels smooth. I compared it with my previous tablet. After 13 days of use, this is my experience.",4,2026-03-21,Aster Slate 10 (SYNTHETIC),Synthetic Survey
"The latest software update causes crashes and random restarts. I bought it for university classes. After 74 days of use, this is my experience.",1,2026-03-03,Aster Slate 10 (SYNTHETIC),Synthetic Survey
"Poor value compared with my older device; I requested a refund. I bought it for university classes. After 78 days of use, this is my experience.",1,2026-03-09,Aster Slate 10 (SYNTHETIC),Synthetic Store
"The keyboard accessory pairs easily and feels comfortable. I use it for work notes. After 18 days of use, this is my experience.",4,2026-03-12,Aster Slate 10 (SYNTHETIC),Synthetic Store
"The latest software update causes crashes and random restarts. I have owned it for a month. After 69 days of use, this is my experience.",1,2026-03-24,Aster Slate 10 (SYNTHETIC),Synthetic Store
"The metal body feels sturdy and well assembled. I compared it with my previous tablet. After 66 days of use, this is my experience.",4,2026-03-20,Aster Slate 10 (SYNTHETIC),Synthetic Store
"The interface is clean and the settings are easy to find. I compared it with my previous tablet. After 84 days of use, this is my experience.",4,2026-03-02,Aster Slate 10 (SYNTHETIC),Synthetic Forum
"My experience with customer support is mixed. It meets some expectations but could improve. My main use is streaming at home. After 12 days of use, this is my experience.",3,2026-03-11,Aster Slate 10 (SYNTHETIC),Synthetic Survey
"Poor value compared with my older device; I requested a refund. I have owned it for a month. After 78 days of use, this is my experience.",2,2026-03-15,Aster Slate 10 (SYNTHETIC),Synthetic Survey
"The latest software update causes crashes and random restarts. I have owned it for a month. After 59 days of use, this is my experience.",1,2026-03-14,Aster Slate 10 (SYNTHETIC),Synthetic Forum
"Customer service made the replacement process straightforward. I have owned it for a month. After 42 days of use, this is my experience.",5,2026-03-12,Aster Slate 10 (SYNTHETIC),Synthetic Store
"My experience with software is mixed. It meets some expectations but could improve. My main use is streaming at home. After 57 days of use, this is my experience.",3,2026-03-04,Aster Slate 10 (SYNTHETIC),Synthetic Survey
"The interface is clean and the settings are easy to find. My main use is streaming at home. After 54 days of use, this is my experience.",5,2026-03-28,Aster Slate 10 (SYNTHETIC),Synthetic Survey
"The keyboard accessory pairs easily and feels comfortable. This was a gift for my family. After 78 days of use, this is my experience.",5,2026-03-12,Aster Slate 10 (SYNTHETIC),Synthetic Store
"The latest software update causes crashes and random restarts. My main use is streaming at home. After 46 days of use, this is my experience.",2,2026-03-04,Aster Slate 10 (SYNTHETIC),Synthetic Forum
"The software is intuitive and updates install smoothly. This was a gift for my family. After 5 days of use, this is my experience.",4,2026-03-09,Aster Slate 10 (SYNTHETIC),Synthetic Survey
"The software is intuitive and updates install smoothly. I bought it for university classes. After 74 days of use, this is my experience.",5,2026-03-03,Aster Slate 10 (SYNTHETIC),Synthetic Store
"My experience with software is mixed. It meets some expectations but could improve. I have owned it for a month. After 55 days of use, this is my experience.",3,2026-03-15,Aster Slate 10 (SYNTHETIC),Synthetic Forum
"For the price this tablet is excellent value. I use it for work notes. After 21 days of use, this is my experience.",4,2026-03-25,Aster Slate 10 (SYNTHETIC),Synthetic Survey
"The battery dies before lunch and I want a replacement. I compared it with my previous tablet. After 79 days of use, this is my experience.",2,2026-03-14,Aster Slate 10 (SYNTHETIC),Synthetic Forum
"For the price this tablet is excellent value. This was a gift for my family. After 88 days of use, this is my experience.",5,2026-03-17,Aster Slate 10 (SYNTHETIC),Synthetic Survey
"The display has uneven backlighting and washed out colors. I use it for work notes. After 28 days of use, this is my experience.",2,2026-03-07,Aster Slate 10 (SYNTHETIC),Synthetic Store
"My experience with software is mixed. It meets some expectations but could improve. I have owned it for a month. After 24 days of use, this is my experience.",3,2026-03-05,Aster Slate 10 (SYNTHETIC),Synthetic Forum
"Build quality disappointed me; the hinge cracked in normal use. My main use is streaming at home. After 52 days of use, this is my experience.",1,2026-03-14,Aster Slate 10 (SYNTHETIC),Synthetic Store
"Build quality disappointed me; the hinge cracked in normal use. I have owned it for a month. After 83 days of use, this is my experience.",2,2026-04-10,Aster Slate 10 (SYNTHETIC),Synthetic Store
"The processor handles games without any stutter. I use it for sketching. After 13 days of use, this is my experience.",5,2026-04-28,Aster Slate 10 (SYNTHETIC),Synthetic Store
"Display brightness makes reading outside comfortable. This was a gift for my family. After 45 days of use, this is my experience.",4,2026-04-11,Aster Slate 10 (SYNTHETIC),Synthetic Store
"The battery lasts through my commute and evening reading. I use it for sketching. After 46 days of use, this is my experience.",4,2026-04-08,Aster Slate 10 (SYNTHETIC),Synthetic Store
"The price feels expensive for what you get. I bought it for university classes. After 82 days of use, this is my experience.",2,2026-04-15,Aster Slate 10 (SYNTHETIC),Synthetic Survey
"The interface is clean and the settings are easy to find. I use it for sketching. After 21 days of use, this is my experience.",5,2026-04-03,Aster Slate 10 (SYNTHETIC),Synthetic Forum
"The metal body feels sturdy and well assembled. I use it for sketching. After 66 days of use, this is my experience.",4,2026-04-10,Aster Slate 10 (SYNTHETIC),Synthetic Forum
"The casing creaks and the charging port feels loose. My main use is streaming at home. After 80 days of use, this is my experience.",2,2026-04-15,Aster Slate 10 (SYNTHETIC),Synthetic Survey
"The interface is clean and the settings are easy to find. I take it on the train. After 43 days of use, this is my experience.",5,2026-04-17,Aster Slate 10 (SYNTHETIC),Synthetic Store
"The included stylus is accurate and the case fits perfectly. My main use is streaming at home. After 66 days of use, this is my experience.",4,2026-04-02,Aster Slate 10 (SYNTHETIC),Synthetic Store
"The software is intuitive and updates install smoothly. I use it for sketching. After 49 days of use, this is my experience.",5,2026-04-13,Aster Slate 10 (SYNTHETIC),Synthetic Forum
"My experience with software is mixed. It meets some expectations but could improve. My main use is streaming at home. After 44 days of use, this is my experience.",3,2026-04-04,Aster Slate 10 (SYNTHETIC),Synthetic Survey
"The latest software update causes crashes and random restarts. I use it for sketching. After 12 days of use, this is my experience.",1,2026-04-12,Aster Slate 10 (SYNTHETIC),Synthetic Forum
"The keyboard accessory pairs easily and feels comfortable. This was a gift for my family. After 73 days of use, this is my experience.",5,2026-04-21,Aster Slate 10 (SYNTHETIC),Synthetic Forum
"Support replied promptly and resolved my warranty question. I have owned it for a month. After 67 days of use, this is my experience.",5,2026-04-01,Aster Slate 10 (SYNTHETIC),Synthetic Forum
"Display brightness makes reading outside comfortable. I take it on the train. After 30 days of use, this is my experience.",4,2026-04-05,Aster Slate 10 (SYNTHETIC),Synthetic Store
"The screen is crisp and colors look natural. I use it for sketching. After 81 days of use, this is my experience.",4,2026-04-20,Aster Slate 10 (SYNTHETIC),Synthetic Forum
"The price feels expensive for what you get. I compared it with my previous tablet. After 7 days of use, this is my experience.",2,2026-04-12,Aster Slate 10 (SYNTHETIC),Synthetic Survey
"The interface is clean and the settings are easy to find. I take it on the train. After 70 days of use, this is my experience.",4,2026-04-10,Aster Slate 10 (SYNTHETIC),Synthetic Forum
"The accessory case does not fit securely and the charger cable is short. I compared it with my previous tablet. After 38 days of use, this is my experience.",2,2026-04-17,Aster Slate 10 (SYNTHETIC),Synthetic Survey
"Performance slows down with a few apps open. This was a gift for my family. After 8 days of use, this is my experience.",2,2026-04-28,Aster Slate 10 (SYNTHETIC),Synthetic Forum
"The latest software update causes crashes and random restarts. This was a gift for my family. After 12 days of use, this is my experience.",1,2026-04-09,Aster Slate 10 (SYNTHETIC),Synthetic Forum
"The keyboard disconnects and the stylus misses strokes. I compared it with my previous tablet. After 46 days of use, this is my experience.",1,2026-04-14,Aster Slate 10 (SYNTHETIC),Synthetic Store
"Apps open quickly and multitasking feels smooth. I use it for sketching. After 30 days of use, this is my experience.",4,2026-04-11,Aster Slate 10 (SYNTHETIC),Synthetic Store
"Support replied promptly and resolved my warranty question. I use it for work notes. After 38 days of use, this is my experience.",5,2026-04-23,Aster Slate 10 (SYNTHETIC),Synthetic Store
"The software is intuitive and updates install smoothly. I use it for work notes. After 34 days of use, this is my experience.",4,2026-04-27,Aster Slate 10 (SYNTHETIC),Synthetic Store
"The software is intuitive and updates install smoothly. This was a gift for my family. After 32 days of use, this is my experience.",5,2026-04-04,Aster Slate 10 (SYNTHETIC),Synthetic Store
"The screen is crisp and colors look natural. My main use is streaming at home. After 65 days of use, this is my experience.",4,2026-04-21,Aster Slate 10 (SYNTHETIC),Synthetic Survey
"The software is intuitive and updates install smoothly. I use it for sketching. After 32 days of use, this is my experience.",5,2026-04-06,Aster Slate 10 (SYNTHETIC),Synthetic Survey
"The software is intuitive and updates install smoothly. I have owned it for a month. After 62 days of use, this is my experience.",4,2026-04-21,Aster Slate 10 (SYNTHETIC),Synthetic Forum
"My experience with accessories is mixed. It meets some expectations but could improve. I use it for sketching. After 32 days of use, this is my experience.",3,2026-04-24,Aster Slate 10 (SYNTHETIC),Synthetic Survey
"The interface is clean and the settings are easy to find. I bought it for university classes. After 7 days of use, this is my experience.",5,2026-04-18,Aster Slate 10 (SYNTHETIC),Synthetic Forum
"Support keeps passing my refund request between agents. I compared it with my previous tablet. After 82 days of use, this is my experience.",1,2026-04-26,Aster Slate 10 (SYNTHETIC),Synthetic Store
"Charging is quick and the battery holds up all day. I take it on the train. After 7 days of use, this is my experience.",4,2026-04-02,Aster Slate 10 (SYNTHETIC),Synthetic Forum
"The included stylus is accurate and the case fits perfectly. This was a gift for my family. After 6 days of use, this is my experience.",4,2026-04-10,Aster Slate 10 (SYNTHETIC),Synthetic Forum
"Support keeps passing my refund request between agents. My main use is streaming at home. After 49 days of use, this is my experience.",2,2026-04-13,Aster Slate 10 (SYNTHETIC),Synthetic Survey
"The metal body feels sturdy and well assembled. I compared it with my previous tablet. After 90 days of use, this is my experience.",5,2026-04-12,Aster Slate 10 (SYNTHETIC),Synthetic Survey
"Screen glare makes outdoor use frustrating. I bought it for university classes. After 71 days of use, this is my experience.",2,2026-04-11,Aster Slate 10 (SYNTHETIC),Synthetic Store
"Charging is quick and the battery holds up all day. I bought it for university classes. After 90 days of use, this is my experience.",5,2026-04-12,Aster Slate 10 (SYNTHETIC),Synthetic Forum
"Charging is quick and the battery holds up all day. This was a gift for my family. After 83 days of use, this is my experience.",4,2026-04-03,Aster Slate 10 (SYNTHETIC),Synthetic Survey
"The latest software update causes crashes and random restarts. I use it for work notes. After 20 days of use, this is my experience.",2,2026-04-02,Aster Slate 10 (SYNTHETIC),Synthetic Store
"Charging is quick and the battery holds up all day. I use it for work notes. After 79 days of use, this is my experience.",4,2026-04-22,Aster Slate 10 (SYNTHETIC),Synthetic Forum
"The keyboard accessory pairs easily and feels comfortable. I use it for sketching. After 52 days of use, this is my experience.",5,2026-04-21,Aster Slate 10 (SYNTHETIC),Synthetic Forum
"Screen glare makes outdoor use frustrating. I have owned it for a month. After 73 days of use, this is my experience.",1,2026-04-09,Aster Slate 10 (SYNTHETIC),Synthetic Forum
"Software notifications freeze and the app keeps losing my settings. I take it on the train. After 17 days of use, this is my experience.",1,2026-04-28,Aster Slate 10 (SYNTHETIC),Synthetic Store
"The metal body feels sturdy and well assembled. I use it for sketching. After 87 days of use, this is my experience.",5,2026-04-23,Aster Slate 10 (SYNTHETIC),Synthetic Store
"The latest software update causes crashes and random restarts. I bought it for university classes. After 48 days of use, this is my experience.",1,2026-04-04,Aster Slate 10 (SYNTHETIC),Synthetic Store
"Support keeps passing my refund request between agents. I use it for sketching. After 61 days of use, this is my experience.",1,2026-04-20,Aster Slate 10 (SYNTHETIC),Synthetic Store
"Charging is quick and the battery holds up all day. I have owned it for a month. After 54 days of use, this is my experience.",4,2026-04-05,Aster Slate 10 (SYNTHETIC),Synthetic Forum
"The interface is clean and the settings are easy to find. I bought it for university classes. After 72 days of use, this is my experience.",4,2026-04-25,Aster Slate 10 (SYNTHETIC),Synthetic Store
"My experience with build quality is mixed. It meets some expectations but could improve. I bought it for university classes. After 40 days of use, this is my experience.",3,2026-05-06,Aster Slate 10 (SYNTHETIC),Synthetic Store
"The processor handles games without any stutter. My main use is streaming at home. After 34 days of use, this is my experience.",4,2026-05-21,Aster Slate 10 (SYNTHETIC),Synthetic Survey
"The screen is crisp and colors look natural. I bought it for university classes. After 77 days of use, this is my experience.",4,2026-05-06,Aster Slate 10 (SYNTHETIC),Synthetic Survey
"The software is intuitive and updates install smoothly. I use it for work notes. After 12 days of use, this is my experience.",4,2026-05-21,Aster Slate 10 (SYNTHETIC),Synthetic Survey
"The display has uneven backlighting and washed out colors. I compared it with my previous tablet. After 82 days of use, this is my experience.",2,2026-05-21,Aster Slate 10 (SYNTHETIC),Synthetic Forum
"Build quality is solid and the buttons feel precise. I compared it with my previous tablet. After 11 days of use, this is my experience.",4,2026-05-06,Aster Slate 10 (SYNTHETIC),Synthetic Forum
"The metal body feels sturdy and well assembled. I use it for sketching. After 42 days of use, this is my experience.",5,2026-05-13,Aster Slate 10 (SYNTHETIC),Synthetic Store
"My experience with software is mixed. It meets some expectations but could improve. I compared it with my previous tablet. After 17 days of use, this is my experience.",3,2026-05-09,Aster Slate 10 (SYNTHETIC),Synthetic Forum
"Screen glare makes outdoor use frustrating. I have owned it for a month. After 33 days of use, this is my experience.",1,2026-05-27,Aster Slate 10 (SYNTHETIC),Synthetic Forum
"The keyboard accessory pairs easily and feels comfortable. I compared it with my previous tablet. After 67 days of use, this is my experience.",5,2026-05-16,Aster Slate 10 (SYNTHETIC),Synthetic Forum
"Build quality disappointed me; the hinge cracked in normal use. I take it on the train. After 29 days of use, this is my experience.",2,2026-05-02,Aster Slate 10 (SYNTHETIC),Synthetic Store
"Display brightness makes reading outside comfortable. This was a gift for my family. After 70 days of use, this is my experience.",4,2026-05-28,Aster Slate 10 (SYNTHETIC),Synthetic Store
"Build quality is solid and the buttons feel precise. I use it for sketching. After 7 days of use, this is my experience.",5,2026-05-02,Aster Slate 10 (SYNTHETIC),Synthetic Survey
"Software notifications freeze and the app keeps losing my settings. I compared it with my previous tablet. After 72 days of use, this is my experience.",2,2026-05-27,Aster Slate 10 (SYNTHETIC),Synthetic Survey
"Software notifications freeze and the app keeps losing my settings. I use it for sketching. After 45 days of use, this is my experience.",2,2026-05-25,Aster Slate 10 (SYNTHETIC),Synthetic Store
"For the price this tablet is excellent value. I use it for work notes. After 19 days of use, this is my experience.",5,2026-05-26,Aster Slate 10 (SYNTHETIC),Synthetic Forum
"The latest software update causes crashes and random restarts. I use it for sketching. After 80 days of use, this is my experience.",2,2026-05-06,Aster Slate 10 (SYNTHETIC),Synthetic Forum
"The included stylus is accurate and the case fits perfectly. I compared it with my previous tablet. After 74 days of use, this is my experience.",5,2026-05-16,Aster Slate 10 (SYNTHETIC),Synthetic Store
"The processor handles games without any stutter. I use it for work notes. After 78 days of use, this is my experience.",5,2026-05-09,Aster Slate 10 (SYNTHETIC),Synthetic Survey
"The software is intuitive and updates install smoothly. I compared it with my previous tablet. After 23 days of use, this is my experience.",5,2026-05-05,Aster Slate 10 (SYNTHETIC),Synthetic Survey
"The screen is crisp and colors look natural. I use it for work notes. After 58 days of use, this is my experience.",5,2026-05-14,Aster Slate 10 (SYNTHETIC),Synthetic Store
"Build quality disappointed me; the hinge cracked in normal use. I use it for work notes. After 19 days of use, this is my experience.",1,2026-05-18,Aster Slate 10 (SYNTHETIC),Synthetic Forum
"The keyboard accessory pairs easily and feels comfortable. I compared it with my previous tablet. After 70 days of use, this is my experience.",5,2026-05-18,Aster Slate 10 (SYNTHETIC),Synthetic Forum
"The interface is clean and the settings are easy to find. I compared it with my previous tablet. After 26 days of use, this is my experience.",4,2026-05-09,Aster Slate 10 (SYNTHETIC),Synthetic Survey
"Display brightness makes reading outside comfortable. I take it on the train. After 90 days of use, this is my experience.",5,2026-05-11,Aster Slate 10 (SYNTHETIC),Synthetic Forum
"The processor handles games without any stutter. This was a gift for my family. After 17 days of use, this is my experience.",5,2026-05-13,Aster Slate 10 (SYNTHETIC),Synthetic Forum
"The included stylus is accurate and the case fits perfectly. My main use is streaming at home. After 46 days of use, this is my experience.",5,2026-05-21,Aster Slate 10 (SYNTHETIC),Synthetic Forum
"Software notifications freeze and the app keeps losing my settings. This was a gift for my family. After 19 days of use, this is my experience.",1,2026-05-20,Aster Slate 10 (SYNTHETIC),Synthetic Survey
"The latest software update causes crashes and random restarts. I take it on the train. After 8 days of use, this is my experience.",1,2026-05-14,Aster Slate 10 (SYNTHETIC),Synthetic Forum
"The latest software update causes crashes and random restarts. I bought it for university classes. After 54 days of use, this is my experience.",2,2026-05-16,Aster Slate 10 (SYNTHETIC),Synthetic Survey
"For the price this tablet is excellent value. My main use is streaming at home. After 85 days of use, this is my experience.",4,2026-05-18,Aster Slate 10 (SYNTHETIC),Synthetic Survey
"The software is intuitive and updates install smoothly. I have owned it for a month. After 24 days of use, this is my experience.",4,2026-05-27,Aster Slate 10 (SYNTHETIC),Synthetic Forum
"Software notifications freeze and the app keeps losing my settings. I use it for work notes. After 3 days of use, this is my experience.",2,2026-05-19,Aster Slate 10 (SYNTHETIC),Synthetic Survey
"I would buy it again because the features justify the cost. I bought it for university classes. After 66 days of use, this is my experience.",5,2026-05-09,Aster Slate 10 (SYNTHETIC),Synthetic Store
"Customer service made the replacement process straightforward. I bought it for university classes. After 3 days of use, this is my experience.",5,2026-05-26,Aster Slate 10 (SYNTHETIC),Synthetic Forum
"The interface is clean and the settings are easy to find. I have owned it for a month. After 67 days of use, this is my experience.",5,2026-05-03,Aster Slate 10 (SYNTHETIC),Synthetic Forum
"Software notifications freeze and the app keeps losing my settings. I take it on the train. After 2 days of use, this is my experience.",2,2026-05-13,Aster Slate 10 (SYNTHETIC),Synthetic Store
"The metal body feels sturdy and well assembled. This was a gift for my family. After 85 days of use, this is my experience.",5,2026-05-23,Aster Slate 10 (SYNTHETIC),Synthetic Store
"The battery dies before lunch and I want a replacement. This was a gift for my family. After 90 days of use, this is my experience.",1,2026-05-21,Aster Slate 10 (SYNTHETIC),Synthetic Forum
"Games stutter and the tablet overheats after a short session. I bought it for university classes. After 60 days of use, this is my experience.",2,2026-05-14,Aster Slate 10 (SYNTHETIC),Synthetic Survey
"The software is intuitive and updates install smoothly. I take it on the train. After 89 days of use, this is my experience.",4,2026-05-17,Aster Slate 10 (SYNTHETIC),Synthetic Forum
"The latest software update causes crashes and random restarts. I use it for work notes. After 72 days of use, this is my experience.",1,2026-05-19,Aster Slate 10 (SYNTHETIC),Synthetic Survey
"For the price this tablet is excellent value. I take it on the train. After 76 days of use, this is my experience.",5,2026-05-03,Aster Slate 10 (SYNTHETIC),Synthetic Survey
"Build quality disappointed me; the hinge cracked in normal use. I compared it with my previous tablet. After 74 days of use, this is my experience.",1,2026-05-18,Aster Slate 10 (SYNTHETIC),Synthetic Forum
"My experience with software is mixed. It meets some expectations but could improve. I use it for work notes. After 29 days of use, this is my experience.",3,2026-05-19,Aster Slate 10 (SYNTHETIC),Synthetic Store
"My experience with battery life is mixed. It meets some expectations but could improve. My main use is streaming at home. After 62 days of use, this is my experience.",3,2026-05-02,Aster Slate 10 (SYNTHETIC),Synthetic Forum
"Build quality is solid and the buttons feel precise. I use it for sketching. After 50 days of use, this is my experience.",5,2026-05-28,Aster Slate 10 (SYNTHETIC),Synthetic Forum
"Apps open quickly and multitasking feels smooth. I use it for sketching. After 17 days of use, this is my experience.",4,2026-05-18,Aster Slate 10 (SYNTHETIC),Synthetic Forum
"The software is intuitive and updates install smoothly. I use it for work notes. After 40 days of use, this is my experience.",5,2026-05-22,Aster Slate 10 (SYNTHETIC),Synthetic Survey
"The software is intuitive and updates install smoothly. I compared it with my previous tablet. After 46 days of use, this is my experience.",4,2026-05-09,Aster Slate 10 (SYNTHETIC),Synthetic Store
"My experience with accessories is mixed. It meets some expectations but could improve. I use it for work notes. After 32 days of use, this is my experience.",3,2026-06-07,Aster Slate 10 (SYNTHETIC),Synthetic Store
"The price feels expensive for what you get. I take it on the train. After 7 days of use, this is my experience.",2,2026-06-15,Aster Slate 10 (SYNTHETIC),Synthetic Store
"The software is intuitive and updates install smoothly. This was a gift for my family. After 31 days of use, this is my experience.",5,2026-06-19,Aster Slate 10 (SYNTHETIC),Synthetic Survey
"The software is intuitive and updates install smoothly. I take it on the train. After 54 days of use, this is my experience.",5,2026-06-09,Aster Slate 10 (SYNTHETIC),Synthetic Store
"The software is intuitive and updates install smoothly. I have owned it for a month. After 73 days of use, this is my experience.",5,2026-06-02,Aster Slate 10 (SYNTHETIC),Synthetic Forum
"The included stylus is accurate and the case fits perfectly. I have owned it for a month. After 54 days of use, this is my experience.",4,2026-06-10,Aster Slate 10 (SYNTHETIC),Synthetic Forum
"For the price this tablet is excellent value. This was a gift for my family. After 20 days of use, this is my experience.",5,2026-06-02,Aster Slate 10 (SYNTHETIC),Synthetic Survey
"Build quality is solid and the buttons feel precise. I take it on the train. After 34 days of use, this is my experience.",4,2026-06-11,Aster Slate 10 (SYNTHETIC),Synthetic Survey
"The battery lasts through my commute and evening reading. I use it for work notes. After 36 days of use, this is my experience.",5,2026-06-22,Aster Slate 10 (SYNTHETIC),Synthetic Survey
"The software is intuitive and updates install smoothly. I compared it with my previous tablet. After 28 days of use, this is my experience.",5,2026-06-10,Aster Slate 10 (SYNTHETIC),Synthetic Store
"Screen glare makes outdoor use frustrating. I take it on the train. After 79 days of use, this is my experience.",1,2026-06-13,Aster Slate 10 (SYNTHETIC),Synthetic Store
"The interface is clean and the settings are easy to find. This was a gift for my family. After 35 days of use, this is my experience.",5,2026-06-17,Aster Slate 10 (SYNTHETIC),Synthetic Forum
"Build quality is solid and the buttons feel precise. I take it on the train. After 49 days of use, this is my experience.",5,2026-06-14,Aster Slate 10 (SYNTHETIC),Synthetic Store
"Software notifications freeze and the app keeps losing my settings. I have owned it for a month. After 39 days of use, this is my experience.",1,2026-06-07,Aster Slate 10 (SYNTHETIC),Synthetic Forum
"Display brightness makes reading outside comfortable. This was a gift for my family. After 64 days of use, this is my experience.",5,2026-06-15,Aster Slate 10 (SYNTHETIC),Synthetic Store
"Software notifications freeze and the app keeps losing my settings. I bought it for university classes. After 71 days of use, this is my experience.",1,2026-06-17,Aster Slate 10 (SYNTHETIC),Synthetic Store
"Customer support has ignored my warranty request for days. I use it for work notes. After 54 days of use, this is my experience.",1,2026-06-27,Aster Slate 10 (SYNTHETIC),Synthetic Survey
"My experience with display is mixed. It meets some expectations but could improve. I use it for sketching. After 9 days of use, this is my experience.",3,2026-06-20,Aster Slate 10 (SYNTHETIC),Synthetic Survey
"The interface is clean and the settings are easy to find. I use it for work notes. After 2 days of use, this is my experience.",5,2026-06-01,Aster Slate 10 (SYNTHETIC),Synthetic Store
"The latest software update causes crashes and random restarts. I have owned it for a month. After 24 days of use, this is my experience.",1,2026-06-04,Aster Slate 10 (SYNTHETIC),Synthetic Survey
"Poor value compared with my older device; I requested a refund. This was a gift for my family. After 52 days of use, this is my experience.",1,2026-06-12,Aster Slate 10 (SYNTHETIC),Synthetic Forum
"Build quality disappointed me; the hinge cracked in normal use. My main use is streaming at home. After 85 days of use, this is my experience.",1,2026-06-03,Aster Slate 10 (SYNTHETIC),Synthetic Forum
"My experience with performance is mixed. It meets some expectations but could improve. I bought it for university classes. After 12 days of use, this is my experience.",3,2026-06-16,Aster Slate 10 (SYNTHETIC),Synthetic Forum
"The latest software update causes crashes and random restarts. I use it for work notes. After 31 days of use, this is my experience.",1,2026-06-28,Aster Slate 10 (SYNTHETIC),Synthetic Survey
"My experience with customer support is mixed. It meets some expectations but could improve. This was a gift for my family. After 71 days of use, this is my experience.",3,2026-06-19,Aster Slate 10 (SYNTHETIC),Synthetic Survey
"The battery lasts through my commute and evening reading. I bought it for university classes. After 52 days of use, this is my experience.",4,2026-06-10,Aster Slate 10 (SYNTHETIC),Synthetic Store
"The interface is clean and the settings are easy to find. I have owned it for a month. After 19 days of use, this is my experience.",4,2026-06-17,Aster Slate 10 (SYNTHETIC),Synthetic Survey
"The keyboard disconnects and the stylus misses strokes. I use it for sketching. After 79 days of use, this is my experience.",2,2026-06-25,Aster Slate 10 (SYNTHETIC),Synthetic Forum
"Charging is quick and the battery holds up all day. I take it on the train. After 47 days of use, this is my experience.",5,2026-06-14,Aster Slate 10 (SYNTHETIC),Synthetic Store
"My experience with software is mixed. It meets some expectations but could improve. I take it on the train. After 11 days of use, this is my experience.",3,2026-06-03,Aster Slate 10 (SYNTHETIC),Synthetic Forum
"I would buy it again because the features justify the cost. I use it for sketching. After 48 days of use, this is my experience.",4,2026-06-03,Aster Slate 10 (SYNTHETIC),Synthetic Store
"The keyboard accessory pairs easily and feels comfortable. I bought it for university classes. After 13 days of use, this is my experience.",4,2026-06-14,Aster Slate 10 (SYNTHETIC),Synthetic Forum
"My experience with software is mixed. It meets some expectations but could improve. I use it for sketching. After 72 days of use, this is my experience.",3,2026-06-03,Aster Slate 10 (SYNTHETIC),Synthetic Survey
"Software notifications freeze and the app keeps losing my settings. I have owned it for a month. After 51 days of use, this is my experience.",1,2026-06-24,Aster Slate 10 (SYNTHETIC),Synthetic Survey
"The keyboard accessory pairs easily and feels comfortable. I have owned it for a month. After 23 days of use, this is my experience.",4,2026-06-09,Aster Slate 10 (SYNTHETIC),Synthetic Forum
"Screen glare makes outdoor use frustrating. I have owned it for a month. After 40 days of use, this is my experience.",2,2026-06-26,Aster Slate 10 (SYNTHETIC),Synthetic Store
"The processor handles games without any stutter. I take it on the train. After 60 days of use, this is my experience.",4,2026-06-05,Aster Slate 10 (SYNTHETIC),Synthetic Forum
"Charging is quick and the battery holds up all day. I use it for sketching. After 58 days of use, this is my experience.",5,2026-06-14,Aster Slate 10 (SYNTHETIC),Synthetic Survey
"The keyboard disconnects and the stylus misses strokes. I compared it with my previous tablet. After 42 days of use, this is my experience.",1,2026-06-13,Aster Slate 10 (SYNTHETIC),Synthetic Forum
"Apps open quickly and multitasking feels smooth. I use it for sketching. After 50 days of use, this is my experience.",5,2026-06-27,Aster Slate 10 (SYNTHETIC),Synthetic Forum
"Apps open quickly and multitasking feels smooth. I use it for work notes. After 61 days of use, this is my experience.",4,2026-06-15,Aster Slate 10 (SYNTHETIC),Synthetic Forum
"Support keeps passing my refund request between agents. I compared it with my previous tablet. After 19 days of use, this is my experience.",2,2026-06-08,Aster Slate 10 (SYNTHETIC),Synthetic Forum
"The software is intuitive and updates install smoothly. I compared it with my previous tablet. After 78 days of use, this is my experience.",5,2026-06-19,Aster Slate 10 (SYNTHETIC),Synthetic Forum
"The interface is clean and the settings are easy to find. I use it for work notes. After 48 days of use, this is my experience.",4,2026-06-04,Aster Slate 10 (SYNTHETIC),Synthetic Store
"The latest software update causes crashes and random restarts. I have owned it for a month. After 44 days of use, this is my experience.",2,2026-06-04,Aster Slate 10 (SYNTHETIC),Synthetic Store
"The price feels expensive for what you get. I compared it with my previous tablet. After 49 days of use, this is my experience.",2,2026-06-15,Aster Slate 10 (SYNTHETIC),Synthetic Survey
"The software is intuitive and updates install smoothly. I compared it with my previous tablet. After 15 days of use, this is my experience.",5,2026-06-14,Aster Slate 10 (SYNTHETIC),Synthetic Store
"I would buy it again because the features justify the cost. I use it for sketching. After 60 days of use, this is my experience.",4,2026-06-17,Aster Slate 10 (SYNTHETIC),Synthetic Forum
"Games stutter and the tablet overheats after a short session. I use it for sketching. After 10 days of use, this is my experience.",2,2026-06-02,Aster Slate 10 (SYNTHETIC),Synthetic Survey
"For the price this tablet is excellent value. I take it on the train. After 68 days of use, this is my experience.",4,2026-06-18,Aster Slate 10 (SYNTHETIC),Synthetic Store
"The processor handles games without any stutter. I bought it for university classes. After 25 days of use, this is my experience.",5,2026-07-13,Aster Slate 10 (SYNTHETIC),Synthetic Store
"The interface is clean and the settings are easy to find. I have owned it for a month. After 2 days of use, this is my experience.",4,2026-07-07,Aster Slate 10 (SYNTHETIC),Synthetic Forum
"My experience with software is mixed. It meets some expectations but could improve. I bought it for university classes. After 48 days of use, this is my experience.",3,2026-07-11,Aster Slate 10 (SYNTHETIC),Synthetic Store
"Software notifications freeze and the app keeps losing my settings. I have owned it for a month. After 80 days of use, this is my experience.",2,2026-07-19,Aster Slate 10 (SYNTHETIC),Synthetic Store
"The processor handles games without any stutter. My main use is streaming at home. After 88 days of use, this is my experience.",4,2026-07-11,Aster Slate 10 (SYNTHETIC),Synthetic Store
"The display has uneven backlighting and washed out colors. I have owned it for a month. After 55 days of use, this is my experience.",1,2026-07-19,Aster Slate 10 (SYNTHETIC),Synthetic Forum
"The metal body feels sturdy and well assembled. I bought it for university classes. After 64 days of use, this is my experience.",5,2026-07-05,Aster Slate 10 (SYNTHETIC),Synthetic Store
"My experience with performance is mixed. It meets some expectations but could improve. I use it for work notes. After 64 days of use, this is my experience.",3,2026-07-05,Aster Slate 10 (SYNTHETIC),Synthetic Store
"The interface is clean and the settings are easy to find. I have owned it for a month. After 89 days of use, this is my experience.",5,2026-07-14,Aster Slate 10 (SYNTHETIC),Synthetic Survey
"My experience with customer support is mixed. It meets some expectations but could improve. I take it on the train. After 39 days of use, this is my experience.",3,2026-07-02,Aster Slate 10 (SYNTHETIC),Synthetic Forum
"Display brightness makes reading outside comfortable. My main use is streaming at home. After 75 days of use, this is my experience.",4,2026-07-09,Aster Slate 10 (SYNTHETIC),Synthetic Survey
"Support replied promptly and resolved my warranty question. I compared it with my previous tablet. After 71 days of use, this is my experience.",4,2026-07-14,Aster Slate 10 (SYNTHETIC),Synthetic Store
"The software is intuitive and updates install smoothly. I compared it with my previous tablet. After 35 days of use, this is my experience.",5,2026-07-28,Aster Slate 10 (SYNTHETIC),Synthetic Store
"The metal body feels sturdy and well assembled. I take it on the train. After 77 days of use, this is my experience.",5,2026-07-28,Aster Slate 10 (SYNTHETIC),Synthetic Survey
"The latest software update causes crashes and random restarts. I take it on the train. After 9 days of use, this is my experience.",2,2026-07-18,Aster Slate 10 (SYNTHETIC),Synthetic Forum
"Software notifications freeze and the app keeps losing my settings. This was a gift for my family. After 75 days of use, this is my experience.",2,2026-07-28,Aster Slate 10 (SYNTHETIC),Synthetic Survey
"My experience with accessories is mixed. It meets some expectations but could improve. I use it for work notes. After 37 days of use, this is my experience.",3,2026-07-28,Aster Slate 10 (SYNTHETIC),Synthetic Survey
"I would buy it again because the features justify the cost. I take it on the train. After 88 days of use, this is my experience.",5,2026-07-16,Aster Slate 10 (SYNTHETIC),Synthetic Store
"Software notifications freeze and the app keeps losing my settings. My main use is streaming at home. After 83 days of use, this is my experience.",1,2026-07-13,Aster Slate 10 (SYNTHETIC),Synthetic Survey
"The interface is clean and the settings are easy to find. I compared it with my previous tablet. After 43 days of use, this is my experience.",4,2026-07-28,Aster Slate 10 (SYNTHETIC),Synthetic Survey
"I would buy it again because the features justify the cost. My main use is streaming at home. After 70 days of use, this is my experience.",5,2026-07-07,Aster Slate 10 (SYNTHETIC),Synthetic Forum
"Customer service made the replacement process straightforward. I use it for sketching. After 72 days of use, this is my experience.",4,2026-07-19,Aster Slate 10 (SYNTHETIC),Synthetic Forum
"The software is intuitive and updates install smoothly. My main use is streaming at home. After 82 days of use, this is my experience.",5,2026-07-01,Aster Slate 10 (SYNTHETIC),Synthetic Store
"The accessory case does not fit securely and the charger cable is short. I take it on the train. After 90 days of use, this is my experience.",1,2026-07-21,Aster Slate 10 (SYNTHETIC),Synthetic Forum
"I would buy it again because the features justify the cost. This was a gift for my family. After 12 days of use, this is my experience.",5,2026-07-22,Aster Slate 10 (SYNTHETIC),Synthetic Survey
"For the price this tablet is excellent value. I have owned it for a month. After 85 days of use, this is my experience.",4,2026-07-23,Aster Slate 10 (SYNTHETIC),Synthetic Store
"The battery lasts through my commute and evening reading. I compared it with my previous tablet. After 3 days of use, this is my experience.",4,2026-07-23,Aster Slate 10 (SYNTHETIC),Synthetic Forum
"The software is intuitive and updates install smoothly. I compared it with my previous tablet. After 11 days of use, this is my experience.",4,2026-07-13,Aster Slate 10 (SYNTHETIC),Synthetic Store
"Software notifications freeze and the app keeps losing my settings. I bought it for university classes. After 50 days of use, this is my experience.",1,2026-07-21,Aster Slate 10 (SYNTHETIC),Synthetic Survey
"My experience with price / value is mixed. It meets some expectations but could improve. I compared it with my previous tablet. After 46 days of use, this is my experience.",3,2026-07-24,Aster Slate 10 (SYNTHETIC),Synthetic Store
"Software notifications freeze and the app keeps losing my settings. I take it on the train. After 13 days of use, this is my experience.",1,2026-07-05,Aster Slate 10 (SYNTHETIC),Synthetic Store
"Software notifications freeze and the app keeps losing my settings. I bought it for university classes. After 33 days of use, this is my experience.",2,2026-07-21,Aster Slate 10 (SYNTHETIC),Synthetic Store
"Display brightness makes reading outside comfortable. I use it for work notes. After 86 days of use, this is my experience.",5,2026-07-07,Aster Slate 10 (SYNTHETIC),Synthetic Survey
"The latest software update causes crashes and random restarts. I take it on the train. After 65 days of use, this is my experience.",2,2026-07-04,Aster Slate 10 (SYNTHETIC),Synthetic Store
"The software is intuitive and updates install smoothly. I use it for sketching. After 42 days of use, this is my experience.",4,2026-07-13,Aster Slate 10 (SYNTHETIC),Synthetic Survey
"Build quality is solid and the buttons feel precise. My main use is streaming at home. After 4 days of use, this is my experience.",4,2026-07-01,Aster Slate 10 (SYNTHETIC),Synthetic Forum
"Display brightness makes reading outside comfortable. This was a gift for my family. After 82 days of use, this is my experience.",5,2026-07-14,Aster Slate 10 (SYNTHETIC),Synthetic Survey
"The metal body feels sturdy and well assembled. This was a gift for my family. After 12 days of use, this is my experience.",5,2026-07-03,Aster Slate 10 (SYNTHETIC),Synthetic Survey
"The included stylus is accurate and the case fits perfectly. I have owned it for a month. After 77 days of use, this is my experience.",4,2026-07-10,Aster Slate 10 (SYNTHETIC),Synthetic Survey
"The metal body feels sturdy and well assembled. My main use is streaming at home. After 57 days of use, this is my experience.",4,2026-07-15,Aster Slate 10 (SYNTHETIC),Synthetic Survey
"The latest software update causes crashes and random restarts. My main use is streaming at home. After 3 days of use, this is my experience.",1,2026-07-23,Aster Slate 10 (SYNTHETIC),Synthetic Store
"I would buy it again because the features justify the cost. I bought it for university classes. After 49 days of use, this is my experience.",4,2026-07-24,Aster Slate 10 (SYNTHETIC),Synthetic Forum
"Software notifications freeze and the app keeps losing my settings. I have owned it for a month. After 36 days of use, this is my experience.",1,2026-07-09,Aster Slate 10 (SYNTHETIC),Synthetic Survey
"The included stylus is accurate and the case fits perfectly. I use it for work notes. After 65 days of use, this is my experience.",4,2026-07-12,Aster Slate 10 (SYNTHETIC),Synthetic Store
"The display has uneven backlighting and washed out colors. I take it on the train. After 67 days of use, this is my experience.",1,2026-07-02,Aster Slate 10 (SYNTHETIC),Synthetic Store
"The screen is crisp and colors look natural. I bought it for university classes. After 6 days of use, this is my experience.",5,2026-07-08,Aster Slate 10 (SYNTHETIC),Synthetic Forum
"The screen is crisp and colors look natural. I use it for sketching. After 17 days of use, this is my experience.",4,2026-07-06,Aster Slate 10 (SYNTHETIC),Synthetic Store
"The software is intuitive and updates install smoothly. I compared it with my previous tablet. After 38 days of use, this is my experience.",5,2026-07-11,Aster Slate 10 (SYNTHETIC),Synthetic Store
"Software notifications freeze and the app keeps losing my settings. I take it on the train. After 61 days of use, this is my experience.",2,2026-07-19,Aster Slate 10 (SYNTHETIC),Synthetic Forum
"The keyboard accessory pairs easily and feels comfortable. I bought it for university classes. After 2 days of use, this is my experience.",5,2026-07-01,Aster Slate 10 (SYNTHETIC),Synthetic Store
"The software is intuitive and updates install smoothly. I use it for sketching. After 2 days of use, this is my experience.",5,2026-08-28,Aster Slate 10 (SYNTHETIC),Synthetic Survey
"The latest software update causes crashes and random restarts. I have owned it for a month. After 64 days of use, this is my experience.",1,2026-08-05,Aster Slate 10 (SYNTHETIC),Synthetic Survey
"Games stutter and the tablet overheats after a short session. I use it for sketching. After 60 days of use, this is my experience.",1,2026-08-19,Aster Slate 10 (SYNTHETIC),Synthetic Store
"The software is intuitive and updates install smoothly. I have owned it for a month. After 86 days of use, this is my experience.",4,2026-08-08,Aster Slate 10 (SYNTHETIC),Synthetic Forum
"The processor handles games without any stutter. I use it for sketching. After 59 days of use, this is my experience.",5,2026-08-08,Aster Slate 10 (SYNTHETIC),Synthetic Store
"The keyboard disconnects and the stylus misses strokes. I bought it for university classes. After 15 days of use, this is my experience.",1,2026-08-15,Aster Slate 10 (SYNTHETIC),Synthetic Forum
"Performance slows down with a few apps open. I compared it with my previous tablet. After 41 days of use, this is my experience.",2,2026-08-09,Aster Slate 10 (SYNTHETIC),Synthetic Store
"For the price this tablet is excellent value. I take it on the train. After 43 days of use, this is my experience.",4,2026-08-03,Aster Slate 10 (SYNTHETIC),Synthetic Survey
"Display brightness makes reading outside comfortable. This was a gift for my family. After 24 days of use, this is my experience.",4,2026-08-13,Aster Slate 10 (SYNTHETIC),Synthetic Forum
"My experience with software is mixed. It meets some expectations but could improve. I bought it for university classes. After 17 days of use, this is my experience.",3,2026-08-01,Aster Slate 10 (SYNTHETIC),Synthetic Store
"Customer service made the replacement process straightforward. I use it for sketching. After 89 days of use, this is my experience.",4,2026-08-19,Aster Slate 10 (SYNTHETIC),Synthetic Survey
"My experience with display is mixed. It meets some expectations but could improve. I take it on the train. After 84 days of use, this is my experience.",3,2026-08-15,Aster Slate 10 (SYNTHETIC),Synthetic Store
"For the price this tablet is excellent value. I use it for work notes. After 61 days of use, this is my experience.",4,2026-08-06,Aster Slate 10 (SYNTHETIC),Synthetic Survey
"Build quality is solid and the buttons feel precise. I have owned it for a month. After 24 days of use, this is my experience.",5,2026-08-07,Aster Slate 10 (SYNTHETIC),Synthetic Store
"Apps open quickly and multitasking feels smooth. This was a gift for my family. After 65 days of use, this is my experience.",5,2026-08-18,Aster Slate 10 (SYNTHETIC),Synthetic Forum
"The battery lasts through my commute and evening reading. I take it on the train. After 82 days of use, this is my experience.",4,2026-08-13,Aster Slate 10 (SYNTHETIC),Synthetic Survey
"Build quality is solid and the buttons feel precise. I have owned it for a month. After 36 days of use, this is my experience.",4,2026-08-01,Aster Slate 10 (SYNTHETIC),Synthetic Forum
"Software notifications freeze and the app keeps losing my settings. I use it for work notes. After 62 days of use, this is my experience.",2,2026-08-25,Aster Slate 10 (SYNTHETIC),Synthetic Survey
"My experience with accessories is mixed. It meets some expectations but could improve. This was a gift for my family. After 70 days of use, this is my experience.",3,2026-08-27,Aster Slate 10 (SYNTHETIC),Synthetic Survey
"Charging is quick and the battery holds up all day. I use it for sketching. After 24 days of use, this is my experience.",4,2026-08-08,Aster Slate 10 (SYNTHETIC),Synthetic Survey
"Apps open quickly and multitasking feels smooth. I use it for sketching. After 74 days of use, this is my experience.",4,2026-08-19,Aster Slate 10 (SYNTHETIC),Synthetic Store
"Customer service made the replacement process straightforward. I bought it for university classes. After 64 days of use, this is my experience.",4,2026-08-03,Aster Slate 10 (SYNTHETIC),Synthetic Store
"The display has uneven backlighting and washed out colors. I use it for sketching. After 80 days of use, this is my experience.",1,2026-08-26,Aster Slate 10 (SYNTHETIC),Synthetic Store
"Games stutter and the tablet overheats after a short session. I use it for work notes. After 4 days of use, this is my experience.",1,2026-08-19,Aster Slate 10 (SYNTHETIC),Synthetic Survey
"The included stylus is accurate and the case fits perfectly. My main use is streaming at home. After 49 days of use, this is my experience.",5,2026-08-19,Aster Slate 10 (SYNTHETIC),Synthetic Store
"The processor handles games without any stutter. I compared it with my previous tablet. After 85 days of use, this is my experience.",5,2026-08-06,Aster Slate 10 (SYNTHETIC),Synthetic Survey
"The included stylus is accurate and the case fits perfectly. I take it on the train. After 87 days of use, this is my experience.",4,2026-08-13,Aster Slate 10 (SYNTHETIC),Synthetic Forum
"The latest software update causes crashes and random restarts. I have owned it for a month. After 74 days of use, this is my experience.",1,2026-08-06,Aster Slate 10 (SYNTHETIC),Synthetic Survey
"Apps open quickly and multitasking feels smooth. I compared it with my previous tablet. After 20 days of use, this is my experience.",5,2026-08-24,Aster Slate 10 (SYNTHETIC),Synthetic Store
"The screen is crisp and colors look natural. I use it for sketching. After 59 days of use, this is my experience.",4,2026-08-09,Aster Slate 10 (SYNTHETIC),Synthetic Store
"The display has uneven backlighting and washed out colors. I use it for work notes. After 8 days of use, this is my experience.",2,2026-08-15,Aster Slate 10 (SYNTHETIC),Synthetic Survey
"Build quality disappointed me; the hinge cracked in normal use. I use it for sketching. After 71 days of use, this is my experience.",2,2026-08-04,Aster Slate 10 (SYNTHETIC),Synthetic Forum
"The latest software update causes crashes and random restarts. I bought it for university classes. After 59 days of use, this is my experience.",1,2026-08-26,Aster Slate 10 (SYNTHETIC),Synthetic Store
"Apps open quickly and multitasking feels smooth. I use it for sketching. After 23 days of use, this is my experience.",5,2026-08-06,Aster Slate 10 (SYNTHETIC),Synthetic Survey
"Charging is quick and the battery holds up all day. I compared it with my previous tablet. After 5 days of use, this is my experience.",5,2026-08-21,Aster Slate 10 (SYNTHETIC),Synthetic Store
"My experience with software is mixed. It meets some expectations but could improve. I take it on the train. After 26 days of use, this is my experience.",3,2026-08-14,Aster Slate 10 (SYNTHETIC),Synthetic Survey
"The interface is clean and the settings are easy to find. This was a gift for my family. After 32 days of use, this is my experience.",4,2026-08-02,Aster Slate 10 (SYNTHETIC),Synthetic Forum
"The interface is clean and the settings are easy to find. I use it for work notes. After 56 days of use, this is my experience.",4,2026-08-10,Aster Slate 10 (SYNTHETIC),Synthetic Survey
"My experience with software is mixed. It meets some expectations but could improve. I bought it for university classes. After 83 days of use, this is my experience.",3,2026-08-10,Aster Slate 10 (SYNTHETIC),Synthetic Store
"Software notifications freeze and the app keeps losing my settings. I compared it with my previous tablet. After 86 days of use, this is my experience.",2,2026-08-03,Aster Slate 10 (SYNTHETIC),Synthetic Survey
"Software notifications freeze and the app keeps losing my settings. I bought it for university classes. After 59 days of use, this is my experience.",1,2026-08-09,Aster Slate 10 (SYNTHETIC),Synthetic Forum
"The latest software update causes crashes and random restarts. I bought it for university classes. After 87 days of use, this is my experience.",1,2026-08-03,Aster Slate 10 (SYNTHETIC),Synthetic Survey
"Apps open quickly and multitasking feels smooth. I use it for work notes. After 51 days of use, this is my experience.",5,2026-08-18,Aster Slate 10 (SYNTHETIC),Synthetic Survey
"Customer service made the replacement process straightforward. This was a gift for my family. After 12 days of use, this is my experience.",5,2026-08-28,Aster Slate 10 (SYNTHETIC),Synthetic Survey
"The battery lasts through my commute and evening reading. My main use is streaming at home. After 59 days of use, this is my experience.",4,2026-08-06,Aster Slate 10 (SYNTHETIC),Synthetic Store
"Software notifications freeze and the app keeps losing my settings. I take it on the train. After 82 days of use, this is my experience.",1,2026-08-27,Aster Slate 10 (SYNTHETIC),Synthetic Survey
"The screen is crisp and colors look natural. My main use is streaming at home. After 51 days of use, this is my experience.",5,2026-08-18,Aster Slate 10 (SYNTHETIC),Synthetic Forum
"Support replied promptly and resolved my warranty question. I have owned it for a month. After 16 days of use, this is my experience.",5,2026-08-05,Aster Slate 10 (SYNTHETIC),Synthetic Store
"The latest software update causes crashes and random restarts. My main use is streaming at home. After 74 days of use, this is my experience.",1,2026-08-26,Aster Slate 10 (SYNTHETIC),Synthetic Forum
"Customer service made the replacement process straightforward. I have owned it for a month. After 85 days of use, this is my experience.",5,2026-08-19,Aster Slate 10 (SYNTHETIC),Synthetic Survey
